{
  "version": 1,
  "authenticity": {
    "cipher": {
      "algorithm": "aes-128-ctr",
      "iv": "1c995ffb96cd2fd96709c8a04eee640e",
      "ciphertext": "335814aedb84912f0adf8b2c00812af6b45885a2d4f00d5e5f7f9468ae4c4a80"
    },
    "kdf": {
      "algorithm": "scrypt",
      "dfparams": {
        "salt": "a432b46befaea98a93de1f01059ce150f77216c9d8f2bd7711cf74f1d2413f60",
        "n": 4096,
        "dklen": 64,
        "p": 1,
        "r": 8
      }
    }
  },
  "mac": "8c589e67fb67cefa8bdf095bd7bcbedf7196f5b6cdc78a3f42b350c5bfca20ec",
  "mnemonicCiphertext": "ab3f586c49a20da96771996e29c76574"
}